{"cameraMode":{"drawMode":0,"name":"Shaded","section":"Shading Mode"},"sceneLighting":false,"audioPlay":false,"sceneViewState":{"showFog":true,"showMaterialUpdate":false,"showSkybox":false,"showFlares":true,"showImageEffects":true,"showParticleSystems":true},"in2DMode":false,"pivot":{"x":-4.407485008239746,"y":0.8714234232902527,"z":-0.3000001907348633},"rotation":{"x":-0.32347092032432558,"y":0.532231867313385,"z":-0.23027735948562623,"w":-0.7477339506149292},"size":1.4409887790679932,"orthographic":false}