{"cameraMode":{"drawMode":0,"name":"Shaded","section":"Shading Mode"},"sceneLighting":false,"audioPlay":false,"sceneViewState":{"showFog":true,"showMaterialUpdate":false,"showSkybox":false,"showFlares":true,"showImageEffects":true,"showParticleSystems":true},"in2DMode":false,"pivot":{"x":0.0,"y":-4.470348358154297e-8,"z":0.3894325792789459},"rotation":{"x":-0.16544440388679505,"y":0.6940354108810425,"z":-0.16907306015491486,"w":-0.6800090670585632},"size":0.4118254780769348,"orthographic":false}