{"cameraMode":{"drawMode":0,"name":"Shaded","section":"Shading Mode"},"sceneLighting":false,"audioPlay":false,"sceneViewState":{"showFog":true,"showMaterialUpdate":false,"showSkybox":false,"showFlares":true,"showImageEffects":true,"showParticleSystems":true},"in2DMode":false,"pivot":{"x":0.21734604239463807,"y":0.7914662957191467,"z":0.0007467642426490784},"rotation":{"x":-0.17271888256072999,"y":0.6637863516807556,"z":-0.16162313520908357,"w":-0.709530770778656},"size":0.8341918587684631,"orthographic":false}