{"cameraMode":{"drawMode":0,"name":"Shaded","section":"Shading Mode"},"sceneLighting":false,"audioPlay":false,"sceneViewState":{"showFog":true,"showMaterialUpdate":false,"showSkybox":false,"showFlares":true,"showImageEffects":true,"showParticleSystems":true},"in2DMode":false,"pivot":{"x":34.2400016784668,"y":2.1500000953674318,"z":-5.869999885559082},"rotation":{"x":0.018611721694469453,"y":0.9670592546463013,"z":-0.2428143471479416,"w":0.07412470877170563},"size":3.753767490386963,"orthographic":true}