{"cameraMode":{"drawMode":0,"name":"Shaded","section":"Shading Mode"},"sceneLighting":true,"audioPlay":false,"sceneViewState":{"showFog":true,"showMaterialUpdate":false,"showSkybox":true,"showFlares":true,"showImageEffects":true,"showParticleSystems":true},"in2DMode":false,"pivot":{"x":12.3100004196167,"y":1.03428053855896,"z":-7.430000305175781},"rotation":{"x":-0.08043031394481659,"y":-0.9092222452163696,"z":0.35190755128860476,"w":-0.20751598477363587},"size":1.550001859664917,"orthographic":false}