{"cameraMode":{"drawMode":0,"name":"Shaded","section":"Shading Mode"},"sceneLighting":false,"audioPlay":false,"sceneViewState":{"showFog":true,"showMaterialUpdate":false,"showSkybox":false,"showFlares":true,"showImageEffects":true,"showParticleSystems":true},"in2DMode":false,"pivot":{"x":-0.03748524188995361,"y":0.8714234232902527,"z":-1.1920928955078126e-7},"rotation":{"x":-0.05634114891290665,"y":0.6767957210540772,"z":-0.052095502614974979,"w":-0.732186496257782},"size":1.4409887790679932,"orthographic":false}