{"cameraMode":{"drawMode":0,"name":"Shaded","section":"Shading Mode"},"sceneLighting":true,"audioPlay":false,"sceneViewState":{"showFog":true,"showMaterialUpdate":false,"showSkybox":false,"showFlares":true,"showImageEffects":true,"showParticleSystems":true},"in2DMode":false,"pivot":{"x":32.04502487182617,"y":0.9505243301391602,"z":-5.3299946784973148},"rotation":{"x":-0.15984438359737397,"y":0.6934834718704224,"z":-0.16230115294456483,"w":-0.6835474371910095},"size":1.5521389245986939,"orthographic":false}